emp_no,birth_date,first_name,last_name,hire_date
10001,1953-09-02,Georgi,Facello,1986-06-26
10002,1964-06-02,Bezalel,Simmel,1985-11-21
10003,1959-12-03,Parto,Bamford,1986-08-28
10004,1954-05-01,Chirstian,Koblick,1986-12-01
10005,1955-01-21,Kyoichi,Maliniak,1989-09-12
10006,1953-04-20,Anneke,Preusig,1989-06-02
10007,1957-05-23,Tzvetan,Zielinski,1989-02-10
10008,1958-02-19,Saniya,Kalloufi,1994-09-15
10009,1952-04-19,Sumant,Peac,1985-02-18
10010,1963-06-01,Duangkaew,Piveteau,1989-08-24
10011,1953-11-07,Mary,Sluis,1990-01-22
10012,1960-10-04,Patricio,Bridgland,1992-12-18
10013,1963-06-07,Eberhardt,Terkki,1985-10-20
10014,1956-02-12,Berni,Genin,1987-03-11
10015,1959-08-19,Guoxiang,Nooteboom,1987-07-02
10016,1961-05-02,Kazuhito,Cappelletti,1995-01-27
10017,1958-07-06,Cristinel,Bouloucos,1993-08-03
10018,1954-06-19,Kazuhide,Peha,1987-04-03
10019,1953-01-23,Lillian,Haddadi,1999-04-30
10020,1952-12-24,Mayuko,Warwick,1991-01-26
10021,1960-02-20,Ramzi,Erde,1988-02-10
10022,1952-07-08,Shahaf,Famili,1995-08-22
10023,1953-09-29,Bojan,Montemayor,1989-12-17
10024,1958-09-05,Suzette,Pettey,1997-05-19
10025,1958-10-31,Prasadram,Heyers,1987-08-17
10026,1953-04-03,Yongqiao,Berztiss,1995-03-20
10027,1962-07-10,Divier,Reistad,1989-07-07
10028,1963-11-26,Domenick,Tempesti,1991-10-22
10029,1956-12-13,Otmar,Herbst,1985-11-20
10030,1958-07-14,Elvis,Demeyer,1994-02-17
10031,1959-01-27,Karsten,Joslin,1991-09-01
10032,1960-08-09,Jeong,Reistad,1990-06-20
10033,1956-11-14,Arif,Merlo,1987-03-18
10034,1962-12-29,Bader,Swan,1988-09-21
10035,1953-02-08,Alain,Chappelet,1988-09-05
10036,1959-08-10,Adamantios,Portugali,1992-01-03
10037,1963-07-22,Pradeep,Makrucki,1990-12-05
10038,1960-07-20,Huan,Lortz,1989-09-20
10039,1959-10-01,Alejandro,Brender,1988-01-19
10040,1959-09-13,Weiyi,Meriste,1993-02-14
10041,1959-08-27,Uri,Lenart,1989-11-12
10042,1956-02-26,Magy,Stamatiou,1993-03-21
10043,1960-09-19,Yishay,Tzvieli,1990-10-20
10044,1961-09-21,Mingsen,Casley,1994-05-21
10045,1957-08-14,Moss,Shanbhogue,1989-09-02
10046,1960-07-23,Lucien,Rosenbaum,1992-06-20
10047,1952-06-29,Zvonko,Nyanchama,1989-03-31
10048,1963-07-11,Florian,Syrotiuk,1985-02-24
10049,1961-04-24,Basil,Tramer,1992-05-04
10050,1958-05-21,Yinghua,Dredge,1990-12-25
10051,1953-07-28,Hidefumi,Caine,1992-10-15
10052,1961-02-26,Heping,Nitsch,1988-05-21
10053,1954-09-13,Sanjiv,Zschoche,1986-02-04
10054,1957-04-04,Mayumi,Schueller,1995-03-13
10055,1956-06-06,Georgy,Dredge,1992-04-27
10056,1961-09-01,Brendon,Bernini,1990-02-01
10057,1954-05-30,Ebbe,Callaway,1992-01-15
10058,1954-10-01,Berhard,McFarlin,1987-04-13
10059,1953-09-19,Alejandro,McAlpine,1991-06-26
10060,1961-10-15,Breannda,Billingsley,1987-11-02
10061,1962-10-19,Tse,Herber,1985-09-17
10062,1961-11-02,Anoosh,Peyn,1991-08-30
10063,1952-08-06,Gino,Leonhardt,1989-04-08
10064,1959-04-07,Udi,Jansch,1985-11-20
10065,1963-04-14,Satosi,Awdeh,1988-05-18
10066,1952-11-13,Kwee,Schusler,1986-02-26
10067,1953-01-07,Claudi,Stavenow,1987-03-04
10068,1962-11-26,Charlene,Brattka,1987-08-07
10069,1960-09-06,Margareta,Bierman,1989-11-05
10070,1955-08-20,Reuven,Garigliano,1985-10-14
10071,1958-01-21,Hisao,Lipner,1987-10-01
10072,1952-05-15,Hironoby,Sidou,1988-07-21
10073,1954-02-23,Shir,McClurg,1991-12-01
10074,1955-08-28,Mokhtar,Bernatsky,1990-08-13
10075,1960-03-09,Gao,Dolinsky,1987-03-19
10076,1952-06-13,Erez,Ritzmann,1985-07-09
10077,1964-04-18,Mona,Azuma,1990-03-02
10078,1959-12-25,Danel,Mondadori,1987-05-26
10079,1961-10-05,Kshitij,Gils,1986-03-27
10080,1957-12-03,Premal,Baek,1985-11-19
10081,1960-12-17,Zhongwei,Rosen,1986-10-30
10082,1963-09-09,Parviz,Lortz,1990-01-03
10083,1959-07-23,Vishv,Zockler,1987-03-31
10084,1960-05-25,Tuval,Kalloufi,1995-12-15
10085,1962-11-07,Kenroku,Malabarba,1994-04-09
10086,1962-11-19,Somnath,Foote,1990-02-16
10087,1959-07-23,Xinglin,Eugenio,1986-09-08
10088,1954-02-25,Jungsoon,Syrzycki,1988-09-02
10089,1963-03-21,Sudharsan,Flasterstein,1986-08-12
10090,1961-05-30,Kendra,Hofting,1986-03-14
10091,1955-10-04,Amabile,Gomatam,1992-11-18
10092,1964-10-18,Valdiodio,Niizuma,1989-09-22
10093,1964-06-11,Sailaja,Desikan,1996-11-05
10094,1957-05-25,Arumugam,Ossenbruggen,1987-04-18
10095,1965-01-03,Hilari,Morton,1986-07-15
10096,1954-09-16,Jayson,Mandell,1990-01-14
10097,1952-02-27,Remzi,Waschkowski,1990-09-15
10098,1961-09-23,Sreekrishna,Servieres,1985-05-13
10099,1956-05-25,Valter,Sullins,1988-10-18
10100,1953-04-21,Hironobu,Haraldson,1987-09-21
10101,1952-04-15,Perla,Heyers,1992-12-28
10102,1959-11-04,Paraskevi,Luby,1994-01-26
10103,1953-11-26,Akemi,Birch,1986-12-02
10104,1961-11-19,Xinyu,Warwick,1987-04-16
10105,1962-02-05,Hironoby,Piveteau,1999-03-23
10106,1952-08-29,Eben,Aingworth,1990-12-19
10107,1956-06-13,Dung,Baca,1994-03-22
10108,1952-04-07,Lunjin,Giveon,1986-10-02
10109,1958-11-25,Mariusz,Prampolini,1993-06-16
10110,1957-03-07,Xuejia,Ullian,1986-08-22
10111,1963-08-29,Hugo,Rosis,1988-06-19
10112,1963-08-13,Yuichiro,Swick,1985-10-08
10113,1963-11-13,Jaewon,Syrzycki,1989-12-24
10114,1957-02-16,Munir,Demeyer,1992-07-17
10115,1964-12-25,Chikara,Rissland,1986-01-23
10116,1955-08-26,Dayanand,Czap,1985-05-28
10117,1961-10-24,Kiyotoshi,Blokdijk,1990-05-28
10118,1957-03-29,Zhonghui,Zyda,1990-09-13
10119,1960-12-01,Domenick,Peltason,1986-03-14
10120,1960-03-26,Armond,Fairtlough,1996-07-06
10121,1962-07-14,Guoxiang,Ramsay,1989-05-03
10122,1965-01-19,Ohad,Esposito,1992-12-23
10123,1962-05-12,Hinrich,Randi,1993-01-15
10124,1962-05-23,Geraldo,Marwedel,1991-09-05
10125,1957-09-13,Syozo,Hiltgen,1990-10-26
10126,1954-08-07,Kayoko,Valtorta,1985-09-08
10127,1952-02-24,Subir,Baja,1989-01-14
10128,1958-02-15,Babette,Lamba,1988-06-06
10129,1955-12-02,Armond,Peir,1985-12-10
10130,1955-04-27,Nishit,Casperson,1988-06-21
10131,1952-02-19,Magdalena,Eldridge,1994-11-17
10132,1956-12-15,Ayakannu,Skrikant,1994-10-30
10133,1963-12-12,Giri,Isaak,1985-12-15
10134,1953-04-15,Diederik,Siprelle,1987-12-12
10135,1956-12-23,Nathan,Monkewich,1988-02-19
10136,1961-09-14,Zissis,Pintelas,1986-02-11
10137,1959-07-30,Maren,Hutton,1985-02-18
10138,1955-04-24,Perry,Shimshoni,1986-09-18
10139,1963-03-03,Ewing,Foong,1998-03-15
10140,1957-03-11,Yucel,Auria,1991-03-14
10141,1960-01-17,Shahaf,Ishibashi,1993-05-06
10142,1956-08-29,Tzvetan,Hettesheimer,1993-10-28
10143,1961-07-16,Sakthirel,Bakhtari,1988-09-30
10144,1959-06-17,Marla,Brendel,1985-10-14
10145,1956-03-30,Akemi,Esposito,1987-08-01
10146,1959-01-12,Chenyi,Syang,1988-06-28
10147,1964-10-13,Kazuhito,Encarnacion,1986-08-21
10148,1957-10-04,Douadi,Azumi,1995-10-10
10149,1953-05-20,Xiadong,Perry,1986-11-05
10150,1955-01-29,Zhenbing,Perng,1986-11-16
10151,1959-03-06,Itzchak,Lichtner,1990-04-10
10152,1954-12-01,Jaques,Munro,1986-01-27
10153,1955-12-15,Heekeun,Majewski,1987-04-08
10154,1957-01-17,Abdulah,Thibadeau,1990-12-12
10155,1959-12-07,Adas,Nastansky,1990-01-05
10156,1964-09-19,Sumali,Fargier,1985-03-10
10157,1954-04-23,Nigel,Aloisi,1985-11-02
10158,1958-04-01,Khedija,Mitsuhashi,1986-01-29
10159,1955-03-03,Serif,Buescher,1991-05-29
10160,1953-10-18,Debatosh,Khasidashvili,1989-01-30
10161,1953-04-06,Hairong,Mellouli,1988-04-03
10162,1957-10-05,Florina,Eugenio,1991-05-01
10163,1952-09-17,Karsten,Szmurlo,1989-07-19
10164,1956-01-19,Jagoda,Braunmuhl,1985-11-12
10165,1960-06-16,Miyeon,Macedo,1988-05-17
10166,1953-05-10,Samphel,Siegrist,1993-01-01
10167,1958-05-23,Duangkaew,Rassart,1992-04-04
10168,1964-09-11,Dharmaraja,Stassinopoulos,1986-12-06
10169,1961-05-03,Sampalli,Snedden,1992-07-24
10170,1960-10-03,Kasturi,Jenevein,1986-01-02
10171,1957-09-11,Herbert,Trachtenberg,1989-07-22
10172,1957-03-25,Shigeu,Matzen,1995-10-13
10173,1962-10-28,Shrikanth,Mahmud,1992-03-21
10174,1959-05-15,Badri,Furudate,1987-06-01
10175,1960-01-11,Aleksandar,Ananiadou,1988-01-11
10176,1957-01-24,Brendon,Lenart,1994-12-22
10177,1954-11-08,Pragnesh,Iisaka,1993-02-06
10178,1963-03-13,Valery,Litvinov,1986-10-07
10179,1961-11-25,Deniz,Duclos,1990-10-04
10180,1956-01-29,Shaw,Wendorf,1986-02-25
10181,1963-01-22,Sibyl,Nooteboom,1988-06-22
10182,1961-02-04,Moriyoshi,Merey,1990-09-02
10183,1954-10-17,Mechthild,Bonifati,1996-08-11
10184,1957-05-22,Mihalis,Lowrie,1987-10-29
10185,1959-12-05,Duro,Sidhu,1986-03-01
10186,1953-07-16,Shigehito,Kropatsch,1986-03-28
10187,1961-05-26,Tommaso,Narwekar,1991-06-01
10188,1956-07-13,Christ,Muchinsky,1987-08-27
10189,1955-11-12,Khalid,Erva,1989-10-05
10190,1964-12-11,Arve,Fairtlough,1986-06-23
10191,1959-04-08,Zdislav,Nastansky,1986-04-10
10192,1960-09-16,Mohua,Falck,1988-06-13
10193,1960-06-29,Masaru,Cheshire,1991-07-28
10194,1954-01-29,Josyula,Hofmeyr,1989-05-15
10195,1963-11-13,Annemarie,Redmiles,1985-02-15
10196,1954-01-27,Marc,Hellwagner,1994-11-16
10197,1963-08-06,Kasidit,Krzyzanowski,1993-11-22
10198,1953-05-28,Pranav,Furedi,1985-08-31
10199,1959-04-07,Kazuhisa,Ranta,1997-04-29
10200,1961-12-31,Vidya,Awdeh,1985-10-16
10201,1956-12-15,Idoia,Kavraki,1986-11-22
10202,1956-01-05,Greger,Lichtner,1991-10-06
10203,1955-07-27,Steen,Escriba,1989-04-06
10204,1956-12-09,Nevio,Ritcey,1986-12-04
10205,1953-05-20,Mabhin,Leijenhorst,1993-08-23
10206,1960-09-19,Alassane,Iwayama,1988-04-19
10207,1955-05-28,Girolamo,Anandan,1992-10-11
10208,1960-01-02,Xiping,Klerer,1991-12-23
10209,1956-12-12,Yolla,Ellozy,1991-11-23
10210,1958-01-24,Yuping,Alpin,1994-05-10
10211,1964-08-05,Vishu,Strehl,1989-11-18
10212,1959-05-09,Divier,Esteva,1990-07-11
10213,1964-05-24,Jackson,Kakkad,1992-11-06
10214,1962-04-14,Tadahiko,Ciolek,1988-02-29
10215,1954-04-02,Xiaobin,Duclos,1987-10-19
10216,1958-07-16,Amstein,Ghemri,1987-10-30
10217,1954-07-07,Yongmin,Roison,1986-05-12
10218,1958-12-07,Zhenhua,Magalhaes,1997-01-15
10219,1952-05-02,Genta,Kolvik,1993-03-31
10220,1958-05-25,Kish,Fasbender,1992-06-25
10221,1957-01-03,Yucai,Granlund,1988-06-08
10222,1962-09-21,Tze,Nourani,1986-06-08
10223,1963-09-17,Carrsten,Schmiedel,1985-11-18
10224,1954-05-17,Leon,Trogemann,1988-01-09
10225,1957-02-13,Kellie,Chinen,1986-06-19
10226,1964-12-28,Xinglin,Plessier,1989-10-27
10227,1957-07-04,Anneli,Kaiser,1994-04-24
10228,1953-04-21,Karoline,Cesareni,1991-08-26
10229,1952-02-10,Ulises,Takanami,1987-11-22
10230,1955-09-11,Clyde,Vernadat,1996-06-16
10231,1963-07-21,Shaowen,Desikan,1996-04-13
10232,1956-03-11,Marko,Auria,1992-06-04
10233,1954-04-01,Lein,Vendrig,1985-07-05
10234,1961-01-18,Arunachalam,Bakhtari,1990-11-19
10235,1958-03-27,Susanta,Roccetti,1995-04-06
10236,1960-03-26,Susumu,Bade,1996-08-30
10237,1952-09-22,Yannis,Mandell,1989-08-11
10238,1964-11-02,Mototsugu,Gire,1986-11-19
10239,1955-03-31,Nikolaos,Llado,1995-05-08
10240,1952-04-01,Remko,Maccarone,1998-10-06
10241,1958-07-01,Ortrud,Murillo,1988-06-12
10242,1964-02-22,Lunjin,Ozeri,1988-01-18
10243,1960-12-22,Wonhee,Pouyioutas,1985-11-24
10244,1961-10-24,Foong,Flasterstein,1985-12-23
10245,1962-08-23,Ramalingam,Gente,1985-04-26
10246,1962-06-23,Basem,Teitelbaum,1987-07-12
10247,1964-06-30,Heon,Riefers,1992-08-14
10248,1955-09-24,Frederique,Tempesti,1991-08-13
10249,1954-06-10,Marie,Boreale,1991-12-08
10250,1958-08-12,Serap,Etalle,1992-08-30
10251,1957-04-25,Alair,Rosenbaum,1992-06-25
10252,1961-01-30,Shirish,Wegerle,1990-11-08
10253,1964-11-12,Zsolt,Salinas,1985-02-21
10254,1959-12-07,Shen,Brattka,1990-06-14
10255,1964-02-08,Roddy,Garnick,1993-05-12
10256,1960-12-02,Irene,Radhakrishnan,1985-10-12
10257,1957-09-12,Aiman,Riexinger,1986-08-05
10258,1955-12-12,Basil,Ishibashi,1985-05-17
10259,1964-11-24,Susanna,Vesel,1986-06-25
10260,1961-07-14,Alper,Suomi,1991-04-13
10261,1959-12-25,Mang,Erie,1993-10-20
10262,1955-08-04,Mahendra,Maraist,1992-07-27
10263,1961-02-08,Takahiro,Waterhouse,1994-02-05
10264,1958-09-08,Nalini,Kawashimo,1997-07-16
10265,1960-12-01,Ramalingam,Muniz,1989-07-13
10266,1958-02-24,Sukumar,Rassart,1990-05-25
10267,1956-01-16,Shaunak,Cullers,1996-12-11
10268,1958-06-03,Nishit,Siochi,1986-12-17
10269,1959-10-07,Taizo,Oxman,1988-07-24
10270,1963-01-30,Bedir,Hartvigsen,1990-04-26
10271,1962-04-24,Sham,Eastman,1986-05-23
10272,1954-11-30,Yishai,Cannane,1988-05-23
10273,1962-08-29,Baocai,Lieblein,1985-11-06
10274,1957-08-23,Dmitri,Pearson,1991-04-21
10275,1961-10-22,Marek,Luck,1987-09-08
10276,1964-07-27,Xuejun,Hempstead,1985-07-21
10277,1964-08-15,Isaac,Schwartzbauer,1985-06-16
10278,1955-03-09,Lubomir,Nitsch,1991-05-17
10279,1964-08-20,Barton,Jumpertz,1994-12-20
10280,1964-10-29,Stabislas,Delgrange,1988-03-18
10281,1953-05-13,Moty,Kusakari,1994-12-03
10282,1953-11-27,Hercules,Benzmuller,1986-06-04
10283,1953-07-08,Kauko,Birjandi,1988-05-25
10284,1954-04-08,Masali,Murrill,1997-07-02
10285,1956-09-21,Zhonghui,Preusig,1995-02-27
10286,1952-05-14,Saddek,Gopalakrishnan,1988-03-21
10287,1963-11-28,Marie,Pietracaprina,1992-12-28
10288,1959-06-02,Selwyn,Perri,1994-08-29
10289,1956-11-30,Shay,Poulakidas,1990-06-06
10290,1957-05-29,Yongmao,Pleszkun,1991-09-18
10291,1965-01-23,Dipayan,Seghrouchni,1986-09-29
10292,1963-01-27,Yucel,Ghelli,1989-06-05
10293,1956-11-24,Mihalis,Avouris,1992-12-12
10294,1955-01-05,Rutger,Miara,1996-04-08
10295,1953-01-13,Kristine,Velardi,1990-08-27
10296,1964-05-13,Petter,Lorho,1989-09-16
10297,1956-06-17,Narain,Oaver,1986-05-28
10298,1954-07-06,Dietrich,DuCasse,1999-03-30
10299,1960-06-21,Ipke,Stentiford,1990-01-10
10300,1960-07-12,Tadahiko,Ulupinar,1991-05-17
10301,1962-08-26,Lucien,Staudhammer,1988-05-23
10302,1954-10-11,Faiza,Baer,1986-07-22
10303,1961-09-11,Marlo,Zschoche,1990-02-05
10304,1956-03-07,Bernt,Erie,1992-11-16
10305,1952-06-30,Hirochika,Piancastelli,1988-10-31
10306,1953-06-02,Heng,Kilgour,1993-09-06
10307,1955-07-20,Nikolaos,Leaver,1991-04-10
10308,1961-03-14,Dzung,Holburn,1992-12-29
10309,1964-11-06,Prodip,Schusler,1985-06-20
10310,1964-08-29,Aksel,Alencar,1990-10-24
10311,1958-11-24,Hsiangchu,Molenkamp,1991-04-01
10312,1957-06-18,Rasiah,Deyuan,1986-08-28
10313,1962-05-30,Subbu,Riexinger,1994-10-10
10314,1961-05-04,Christfried,Apsitis,1986-01-16
10315,1956-08-03,Maris,Angelopoulos,1987-08-28
10316,1958-06-20,Christoper,Schwaller,1987-09-04
10317,1957-12-25,Arie,Birge,1986-12-10
10318,1958-08-27,Mototsugu,Beilner,1985-06-29
10319,1963-03-09,Mechthild,Miyakawa,1985-08-15
10320,1956-06-22,Uinam,Stasinski,1988-11-03
10321,1955-12-12,Guenter,Ravishankar,1991-09-24
10322,1954-05-28,Isamu,Dahlbom,1990-01-29
10323,1958-06-20,Kankanahalli,Hinsberger,1991-06-06
10324,1957-12-29,Bernardo,Rouquie,1988-03-19
10325,1953-01-12,Arunachalam,Badr,1990-09-20
10326,1953-02-13,Masali,Czap,1985-05-13
10327,1954-04-01,Roded,Facello,1987-09-18
10328,1955-06-28,Serenella,Kawashima,1994-01-16
10329,1958-04-28,Remko,Shigei,1986-01-20
10330,1957-02-02,Kasturi,Bellmore,1985-06-12
10331,1961-08-12,Arto,Binkley,1985-04-06
10332,1961-11-05,Masanao,Bain,1988-06-08
10333,1953-04-27,Snehasis,Dymetman,1993-01-16
10334,1958-04-02,Falguni,Erie,1996-12-28
10335,1963-03-13,Toshimori,Bahi,1992-04-06
10336,1961-07-16,Goa,Rothe,1992-01-07
10337,1957-12-10,Jeong,Sadowsky,1995-08-06
10338,1961-02-12,Heon,Ranai,1988-09-01
10339,1957-08-27,Teunis,Liedekerke,1989-11-30
10340,1952-08-20,Djelloul,Laventhal,1987-06-05
10341,1960-11-22,Wilmer,Greenaway,1987-04-29
10342,1960-03-17,Stella,Hiroyama,1987-07-25
10343,1954-11-01,Dinah,Syrzycki,1993-10-14
10344,1957-07-24,Uwe,Garnier,1994-06-25
10345,1960-12-13,Arra,Ratnakar,1993-11-08
10346,1963-01-29,Aamod,Radwan,1987-01-27
10347,1953-10-03,Pradeep,Kaminger,1985-12-12
10348,1956-03-11,Mahendra,Picco,1995-10-22
10349,1954-04-29,Oksana,Brodie,1991-09-28
10350,1954-11-14,Kristen,Kavvadias,1990-08-19
10351,1963-08-23,Tadahiko,Strehl,1985-03-07
10352,1960-01-28,Erzsebet,Ohori,1996-01-21
10353,1953-01-15,Phule,Hammerschmidt,1989-08-24
10354,1961-04-21,Moto,Kusakari,1996-03-26
10355,1952-12-10,Satyanarayana,Cochrane,1987-11-15
10356,1952-08-12,Vasilis,Standera,1988-08-06
10357,1964-01-10,Hausi,Sidhu,1994-04-04
10358,1953-04-08,Qunsheng,Tagansky,1991-02-19
10359,1960-04-18,Heekeun,Sambasivam,1991-05-09
10360,1960-11-04,Irene,Munck,1996-09-04
10361,1961-04-22,Seshu,Sidou,1986-10-23
10362,1963-09-16,Shalesh,dAstous,1988-08-24
10363,1953-11-28,Toshiki,Muniz,1985-09-11
10364,1954-09-21,Nakhoon,Dengi,1985-11-14
10365,1958-04-28,Rosine,Granlund,1987-06-02
10366,1960-01-25,Morrie,Piazza,1994-04-11
10367,1955-12-24,Hyuckchul,Gini,1991-06-24
10368,1956-03-25,Hatim,Koshiba,1991-04-05
10369,1957-01-08,Qunsheng,Toyoshima,1986-05-17
10370,1957-08-03,Clyde,Fandrianto,1992-04-04
10371,1959-02-10,Ioana,Kirkerud,1989-11-28
10372,1952-04-08,Anneli,Frijda,1985-07-30
10373,1959-01-08,Hongzue,Heijenga,1997-04-26
10374,1955-10-08,Willard,Rosin,1993-12-08
10375,1957-10-09,Dante,Kalafatis,1994-05-29
10376,1959-02-12,Fai,Bale,1989-01-14
10377,1954-08-19,Marl,Grospietsch,1990-05-07
10378,1964-09-05,Takahira,Lichtner,1990-12-30
10379,1957-03-02,Mikhail,Rosis,1996-07-15
10380,1956-05-25,Alejandro,Kamble,1985-03-19
10381,1963-03-04,Jiong,Parfitt,1991-12-04
10382,1955-06-12,Shirish,Dredge,1990-07-04
10383,1963-11-13,Leucio,Aumann,1991-06-19
10384,1956-08-22,Feiyu,Luft,1986-01-16
10385,1963-05-14,Khatoun,Imataki,1992-12-20
10386,1956-11-09,Eishiro,Miyakawa,1985-08-02
10387,1952-11-03,Parto,Wrigley,1987-02-19
10388,1953-03-29,Hironoby,Kaiser,1996-03-24
10389,1953-03-24,Make,Peir,1995-10-31
10390,1960-03-07,Wanqing,Bratten,1989-05-17
10391,1956-06-13,Hongzue,Akaboshi,1989-12-24
10392,1962-02-17,Jiann,Hainaut,1992-03-01
10393,1958-03-24,Yagil,DasSarma,1989-06-23
10394,1957-05-22,Shawna,Meriste,1991-03-14
10395,1952-02-17,Takahiro,Deverell,1987-02-04
10396,1955-08-21,Sibyl,Rahier,1986-01-11
10397,1955-11-11,Irena,Reutenauer,1993-05-21
10398,1958-07-16,Shooichi,Escriba,1990-10-12
10399,1957-06-13,Guenter,Marchegay,1985-05-07
10400,1961-12-16,Ortrud,Nitto,1993-10-17
10401,1962-04-25,Eckart,Barriga,1991-04-05
10402,1953-07-23,Volkmar,Ebeling,1987-01-02
10403,1956-04-01,Atreyi,Mungall,1991-09-13
10404,1955-04-27,Prodip,Rosti,1988-08-28
10405,1957-01-20,Hilary,Budinsky,1985-11-04
10406,1956-09-21,Sigeru,Wynblatt,1987-03-11
10407,1955-07-05,Ulf,Siepmann,1990-03-08
10408,1964-03-17,Martijn,Kaiser,1998-10-07
10409,1958-08-28,Mario,Straney,1997-07-09
10410,1965-01-19,Takahito,Gecsei,1993-10-16
10411,1956-07-10,Lidong,Klerer,1989-09-02
10412,1958-02-26,Masoud,Fabrizio,1986-05-06
10413,1952-05-05,Danel,Impagliazzo,1990-03-26
10414,1954-04-09,Yinlin,Alpin,1990-05-30
10415,1957-11-12,Mark,Coorg,1993-10-25
10416,1956-05-26,Uli,Keustermans,1989-03-24
10417,1964-02-02,Bingning,Bakhtari,1992-03-12
10418,1952-06-29,Candida,Porotnikoff,1989-04-20
10419,1964-06-22,Maria,Bauknecht,1992-04-25
10420,1963-03-03,Kaijung,Riesenhuber,1988-01-17
10421,1959-03-22,Divine,Marzano,1989-09-12
10422,1954-06-02,Greger,Rubsam,1990-12-07
10423,1956-01-10,Dante,Cronin,1998-09-06
10424,1959-08-17,Babette,Straney,1989-08-07
10425,1963-10-24,Sashi,Osgood,1991-10-29
10426,1955-12-28,Arunas,Luce,1985-07-06
10427,1958-08-13,Khosrow,Sudbeck,1991-11-01
10428,1957-06-25,Cathie,Brlek,1992-06-04
10429,1952-02-13,Martien,Improta,1986-03-09
10430,1958-06-30,Ferdinand,Chenney,1990-11-16
10431,1961-05-25,Patricio,Bugrara,1987-10-08
10432,1953-11-06,Hisao,Tiemann,1985-04-30
10433,1954-09-02,Reuven,Dengi,1989-02-14
10434,1959-07-17,Dzung,Peltason,1995-06-27
10435,1957-10-12,Marsha,Tagansky,1986-12-19
10436,1963-06-17,Yahiko,Lammel,1988-01-30
10437,1956-07-07,Narain,Reeker,1996-04-12
10438,1961-12-25,Evgueni,Srimani,1990-01-19
10439,1958-04-09,Jolita,Jarecki,1990-01-11
10440,1959-04-10,Akeel,Narahara,1994-03-31
10441,1958-04-27,Adel,Perfilyeva,1988-07-12
10442,1955-09-09,Volkmar,Unno,1988-03-13
10443,1952-12-03,Shichao,Litvinov,1989-08-01
10444,1956-07-29,Kazuhira,Rosis,1993-03-31
10445,1957-01-10,Junichi,Kavanagh,1987-11-04
10446,1960-02-08,Ebru,Chepyzhov,1994-11-17
10447,1962-10-24,Ronghao,Yavatkar,1988-12-29
10448,1963-12-10,Phule,Oxenboll,1992-03-12
10449,1959-09-28,Aleksandar,Sudkamp,1987-03-28
10450,1959-11-05,Khun,Harbusch,1990-01-17
10451,1952-10-06,Bodh,Ranta,1988-03-12
10452,1956-11-24,Werner,Hasham,1988-09-05
10453,1953-07-19,Tsvetan,Matzel,1985-04-02
10454,1961-01-22,Wonhee,Badr,1987-04-10
10455,1963-12-17,Sverrir,Streng,1989-02-14
10456,1963-01-24,Stepehn,Hardjono,1995-12-25
10457,1963-11-10,Oddvar,Schlenzig,1991-11-23
10458,1961-01-06,Gina,Engelmann,1988-07-23
10459,1959-09-30,Ennio,Trogemann,1997-06-28
10460,1963-02-19,Shushma,VanScheik,1994-07-01
10461,1956-10-26,Gal,Karcich,1987-08-03
10462,1956-04-08,Sumali,Schlenzig,1996-03-25
10463,1954-05-20,Ung,Zaiane,1987-12-25
10464,1962-09-04,Mang,Maginnis,1989-10-09
10465,1963-03-13,Claudi,Shackel,1987-09-01
10466,1954-12-25,Jiakeng,Himler,1985-09-29
10467,1956-01-30,Dipayan,Suomi,1988-07-14
10468,1960-08-28,Yoshimitsu,Shobatake,1991-05-28
10469,1964-12-22,Munehiko,Ananiadou,1985-06-05
10470,1956-04-12,Peternela,Iwayama,1988-06-01
10471,1963-11-30,Jouko,Yamaashi,1990-11-18
10472,1959-08-20,Salvador,Lodder,1996-07-29
10473,1963-10-13,Przemyslawa,Oskamp,1987-10-30
10474,1962-02-24,Kenton,Garnham,1985-09-28
10475,1956-12-19,Mario,Rodite,1987-01-19
10476,1965-01-01,Kokou,Iisaka,1987-09-20
10477,1952-12-07,Guoxiang,Trogemann,1989-03-04
10478,1957-03-08,Maik,Ushiama,1992-06-09
10479,1959-01-27,Duro,Coney,1987-02-28
10480,1965-01-25,Make,Baba,1988-05-18
10481,1959-10-18,Yongmao,Pintelas,1988-10-06
10482,1961-07-17,Goa,Pleszkun,1991-07-20
10483,1957-03-13,Zhiwei,Anick,1992-11-08
10484,1961-08-30,Nirmal,Varley,1995-10-31
10485,1961-09-20,Teruyuki,Sundgren,1985-10-27
10486,1952-08-24,Amstein,Kossowski,1987-10-08
10487,1956-08-23,Perla,Middleton,1992-08-14
10488,1959-10-17,Mihalis,Heering,1994-06-09
10489,1958-08-24,Elvia,Homond,1989-09-10
10490,1961-09-28,Huiqun,Vuskovic,1992-10-07
10491,1964-09-09,Garnik,Narahari,1990-01-17
10492,1957-04-03,Lobel,Kumaresan,1988-04-24
10493,1962-01-12,Maris,Haraldson,1992-05-16
10494,1953-12-21,Yakkov,Servieres,1986-01-18
10495,1961-05-24,Anyuan,Zhiwei,1985-09-29
10496,1959-04-18,Gretta,Baig,1987-02-26
10497,1953-06-09,Pramod,Rabehasaina,1992-01-22
10498,1964-09-15,Valter,Cappelletti,1988-02-01
10499,1953-10-04,Maik,Luft,1989-11-23
10500,1957-04-29,Vojin,Narwekar,1996-12-16
10501,1962-09-09,Susuma,Larfeldt,1987-04-20
10502,1957-10-07,Yonghoan,Marshall,1993-03-04
10503,1952-05-17,Dannz,Pell,1991-04-30
10504,1953-04-07,Xiong,Varker,1988-12-03
10505,1964-02-04,Isamu,Auria,1985-07-23
10506,1958-10-06,Kazuhisa,Kroll,1996-12-01
10507,1964-02-18,Kasidit,Belinskaya,1985-04-26
10508,1962-06-02,Kotesh,Liedekerke,1991-05-01
10509,1953-10-03,Abdelwaheb,Riesenhuber,1990-02-23
10510,1960-02-13,Keung,Slobodova,1990-04-20
10511,1963-06-18,Khoa,Marrevee,1992-01-27
10512,1955-11-16,Udi,Gihr,1986-01-12
10513,1959-07-07,Yuichiro,Schicker,1991-04-02
10514,1963-04-03,Tomofumi,McClure,1992-04-29
10515,1963-12-15,Raimond,Kirkerud,1989-10-28
10516,1960-02-20,Xiadong,Luga,1985-10-19
10517,1953-06-18,Tiina,Speek,1990-12-25
10518,1963-05-23,Marin,Lanphier,1993-09-03
10519,1955-12-28,Yonghoan,Alencar,1986-03-22
10520,1964-03-06,Jenwei,Ecklund,1994-03-27
10521,1957-07-31,Kwangsub,Setia,1989-05-11
10522,1955-07-24,Marke,Cesareni,1986-12-12
10523,1956-05-16,Malu,Skafidas,1988-12-28
10524,1959-05-02,Shigehiro,Cincotta,1985-10-09
10525,1963-03-29,Yuchang,Lunt,1990-07-08
10526,1963-12-31,Kwangho,Theuretzbacher,1988-02-27
10527,1964-09-15,Tetsushi,Barvinok,1996-01-25
10528,1963-05-16,Koichi,Lakshmanan,1991-12-29
10529,1952-11-21,Ymte,Yetto,1992-01-05
10530,1956-07-19,Boriana,Coors,1987-09-23
10531,1954-06-11,Oguz,Gimbel,1991-02-20
10532,1959-08-31,Mary,Wossner,1986-05-18
10533,1963-06-25,Mohamadou,Smailagic,1986-10-31
10534,1964-10-23,Dinah,Bahl,1989-01-15
10535,1961-05-19,Shalesh,Stroustrup,1985-02-21
10536,1964-10-29,Yechiam,Sambasivam,1988-03-25
10537,1962-06-29,Stella,Benzmuller,1996-09-25
10538,1955-08-18,Przemyslawa,Falby,1987-07-23
10539,1959-05-13,Yucel,Reinhard,1990-06-05
10540,1961-02-24,Martins,Barriga,1994-05-03
10541,1955-11-05,Godehard,Eiter,1986-02-28
10542,1955-01-05,Yannis,Couchot,1989-03-28
10543,1962-10-06,Lein,Lichtman,1998-10-16
10544,1962-02-01,Ishfaq,Krzyzanowski,1995-04-29
10545,1963-01-12,Hauke,dAstous,1990-06-30
10546,1957-12-20,Nechama,Schapiro,1987-09-06
10547,1963-05-12,Snehasis,Brobst,1988-02-14
10548,1952-06-12,Ramalingam,Gunderson,1986-05-04
10549,1957-03-20,Beshir,Kisuki,1995-10-26
10550,1959-08-03,Manton,Leuchs,1985-02-03
10551,1963-10-07,Jeong,Rijsenbrij,1988-08-06
10552,1953-03-25,Kazuhito,Shiratori,1998-08-18
10553,1964-02-08,Rajmohan,Wallrath,1985-10-27
10554,1958-08-01,Dines,Gerlach,1990-11-28
10555,1962-09-25,Vitaly,Picci,1989-11-06
10556,1962-12-31,JoAnna,Taubman,1992-04-15
10557,1957-08-23,Sashi,Karlin,1986-03-31
10558,1964-10-08,Hisao,Famili,1990-04-06
10559,1956-01-18,Arumugam,Comellas,1988-01-06
10560,1960-05-01,Yinlin,Esteva,1988-09-28
10561,1958-09-07,Serge,Joslin,1990-12-15
10562,1963-04-17,Shuky,Pearson,1996-07-06
10563,1956-10-27,Mohit,Spelt,1992-09-29
10564,1955-04-14,Jianhao,Thisen,1986-05-08
10565,1961-11-05,Yishay,Harnett,1992-01-09
10566,1958-01-30,Jianhui,Zuberek,1988-03-19
10567,1957-05-21,Dietrich,Journel,1992-10-18
10568,1953-12-02,Gao,Poulakidas,1989-02-14
10569,1962-12-03,Sreenivas,Bashian,1987-03-13
10570,1958-10-30,Alassane,Morrin,1985-05-05
10571,1963-12-10,Fun,Varman,1985-02-24
10572,1960-10-10,Cordelia,Axelband,1988-02-16
10573,1964-02-23,Tetsushi,Speel,1993-07-07
10574,1960-11-11,Salvador,Olano,1990-02-16
10575,1954-06-29,Theirry,Yeung,1988-10-04
10576,1957-08-23,Xiaoqiu,Krychniak,1988-05-17
10577,1957-09-20,Ennio,Schmiedel,1990-08-18
10578,1958-07-18,Shigeaki,Shanbhogue,1989-11-24
10579,1958-07-17,Aiman,Stentiford,1985-09-01
10580,1956-05-28,Christoper,Rehfuss,1987-09-11
10581,1956-11-20,Odinaldo,Prochazka,1988-02-09
10582,1960-05-08,Shmuel,Juneja,1986-06-22
10583,1964-03-03,Prasadram,Stille,1985-02-14
10584,1961-07-12,Mana,Papastamatiou,1986-02-17
10585,1963-11-10,Sajjad,Willoner,1986-01-05
10586,1954-06-23,Kirk,Vuskovic,1992-02-04
10587,1962-03-04,Behnaam,Srimani,1989-09-20
10588,1956-07-30,Shigeo,Dulay,1987-01-28
10589,1958-09-25,Subbu,Sanella,1994-01-26
10590,1963-10-01,Yongqiao,Kalloufi,1986-04-09
10591,1952-12-22,Hidde,Hettesheimer,1987-06-18
10592,1964-08-01,Almudena,Alvarado,1990-06-05
10593,1952-07-24,Falguni,Kenevan,1990-09-12
10594,1960-10-22,Kiyokazu,Whitcomb,1988-04-02
10595,1964-12-10,Giri,Undy,1989-11-24
10596,1954-01-24,Sanjit,Coors,1995-04-01
10597,1961-05-07,Lucien,Schaad,1990-04-01
10598,1957-11-10,Margo,Gronowski,1989-03-31
10599,1956-10-15,Seshu,Crelier,1989-03-17
10600,1963-08-17,Emran,Rettelbach,1985-12-22
10601,1959-10-23,Barton,Usdin,1994-08-29
10602,1959-11-27,Douadi,Wossner,1988-03-12
10603,1955-08-02,Wayne,Restivo,1995-07-20
10604,1957-04-24,Susanna,Brizzi,1990-04-07
10605,1956-05-21,Moti,Wixon,1985-04-29
10606,1964-03-04,Toshiki,Marakhovsky,1987-05-02
10607,1964-11-30,Rosalyn,Hambrick,1990-06-18
10608,1955-07-11,Adhemar,Talmor,1986-05-25
10609,1956-10-02,Janche,Zhang,1994-12-03
10610,1955-06-24,Irena,Roccetti,1996-04-11
10611,1964-05-11,Karsten,Blokdijk,1989-09-16
10612,1959-01-01,Gil,Peroz,1991-09-02
10613,1960-11-04,Inderjeet,Jansen,1990-09-01
10614,1953-07-11,Gila,Ozeri,1990-03-03
10615,1955-08-30,Keung,Delgrande,1996-03-10
10616,1958-05-05,Tommaso,Marwedel,1988-03-10
10617,1955-01-26,Hidekazu,Angel,1985-03-29
10618,1963-08-03,Ranga,Yeung,1988-11-27
10619,1961-04-27,Vivian,Kusakabe,1989-03-24
10620,1959-11-23,Marit,Veeraraghavan,1990-11-10
10621,1962-02-03,Hinrich,Siepmann,1991-06-23
10622,1959-09-15,Turgut,Narlikar,1989-01-28
10623,1953-07-11,Aleksander,Danlos,1987-03-07
10624,1955-12-19,Sham,Gyorkos,1990-05-07
10625,1958-02-08,Leszek,Petereit,1985-10-31
10626,1957-06-26,Danil,Deverell,1996-12-03
10627,1962-10-06,Shigeu,Itzfeldt,1991-11-07
10628,1954-04-18,Krisda,Krogh,1985-09-11
10629,1954-03-23,Lalit,Francisci,1986-01-30
10630,1954-08-10,Bezalel,Katzenelson,1993-06-26
10631,1955-05-17,Inderjeet,Chaudhuri,1988-02-16
10632,1960-04-05,Yoshimitsu,Velardi,1985-07-25
10633,1957-02-09,Sorina,Herber,1985-06-17
10634,1954-08-01,Nahid,Chepyzhov,1990-11-11
10635,1960-10-29,Toney,Angiulli,1991-09-22
10636,1955-08-25,Saeko,Porotnikoff,1994-11-16
10637,1954-07-11,Heejo,Frolund,1993-07-11
10638,1960-11-04,Jenwei,Borovoy,1991-05-19
10639,1953-04-18,Pramod,Erol,1992-10-25
10640,1958-11-09,Anneke,Meszaros,1992-12-04
10641,1953-12-24,Guozhong,Zucker,1993-03-21
10642,1955-12-19,Hirochika,Narlikar,1986-08-06
10643,1957-07-25,Slavian,Keirsey,1987-11-11
10644,1962-02-22,Pranas,Benaini,1985-05-29
10645,1957-03-01,Fumiyo,Esposito,1988-03-01
10646,1957-11-24,Uri,Chorvat,1988-08-07
10647,1960-01-12,Tesuro,Bahk,1995-09-28
10648,1962-01-19,Marlo,Ratnaker,1988-02-16
10649,1956-03-25,Vitali,Welham,1997-09-10
10650,1959-04-09,Hongzhu,Chepyzhov,1992-10-04
10651,1958-12-31,Zijian,Maginnis,1985-08-07
10652,1960-04-25,Danai,Chachaty,1990-02-12
10653,1953-06-16,Otmar,Feinberg,1987-04-30
10654,1960-03-17,Nahla,Castellani,1987-05-28
10655,1959-02-02,Remko,Dalton,1985-07-14
10656,1962-06-18,Sanjay,Litzkow,1988-06-21
10657,1958-03-09,Juichirou,Kitsuregawa,1989-12-31
10658,1956-11-21,Junsik,Rijckaert,1994-04-29
10659,1956-12-09,Dinah,Shackel,1991-09-20
10660,1964-01-03,Jouko,Kolinko,1988-08-12
10661,1956-04-07,Ottavia,Giarratana,1988-01-12
10662,1959-10-17,Arto,Serra,1986-09-28
10663,1965-01-09,Teunis,Noriega,1993-01-23
10664,1962-06-02,Xumin,Peck,1989-12-24
10665,1964-07-28,Qingxiang,Snyers,1988-01-23
10666,1964-10-03,Zhonghua,Reeker,1989-05-20
10667,1955-08-05,Makato,Cusworth,1990-06-25
10668,1959-03-20,Maren,Granlund,1989-09-25
10669,1956-05-30,Yurij,Iisaka,1995-06-09
10670,1962-04-23,Shunichi,McAffer,1988-03-23
10671,1953-06-12,Parviz,Rebaine,1987-01-08
10672,1954-03-23,Bluma,Zeilberger,1986-07-13
10673,1959-12-26,Hyuckchul,Casperson,1990-03-01
10674,1961-03-03,Abdelaziz,Bisiani,1988-09-16
10675,1960-03-26,Ymte,Waschkowski,1991-11-05
10676,1953-08-26,Valeri,Danley,1986-03-20
10677,1963-02-20,Alejandra,Perng,1996-10-07
10678,1958-08-21,Chriss,Gide,1987-08-02
10679,1956-09-25,Neven,Brender,1990-05-13
10680,1962-10-11,Kish,Honglei,1986-06-20
10681,1964-12-25,Florina,Garnier,1992-10-25
10682,1956-07-04,Bedir,Haumacher,1990-11-09
10683,1952-06-18,Guiseppe,Stranks,1993-09-07
10684,1956-01-23,Aimee,Tokunaga,1999-10-28
10685,1959-01-14,Zongyan,Cusworth,1990-04-24
10686,1963-05-25,Avishai,Azadmanesh,1987-05-17
10687,1961-07-25,Leon,Kaiser,1990-03-13
10688,1964-02-28,Xiaopeng,Lanphier,1985-03-25
10689,1958-09-13,Satoru,Otillio,1988-08-05
10690,1962-09-06,Matt,Jumpertz,1989-08-22
10691,1957-11-18,Denny,Setia,1989-09-17
10692,1960-08-11,Larisa,Bage,1993-03-22
10693,1953-12-14,Berhard,Daescu,1986-01-08
10694,1955-12-16,Rildo,Straney,1988-01-26
10695,1962-08-30,Zorica,Acton,1989-08-05
10696,1952-03-23,Unal,Fendler,1991-09-09
10697,1958-04-09,Bluma,Hiltgen,1998-03-04
10698,1959-09-13,Barton,Engberts,1994-12-08
10699,1964-02-02,Hatim,Deverell,1985-11-17
10700,1962-11-30,Angel,Mondadori,1987-04-02
10701,1961-09-30,Hyuncheol,Zolotykh,1986-10-27
10702,1952-11-25,Bader,Szemeredi,1985-07-23
10703,1958-06-13,Giri,Baumann,1996-05-12
10704,1960-04-08,Yolla,Kropatsch,1988-07-08
10705,1963-06-17,Hironobu,Wynblatt,1990-07-18
10706,1959-10-11,Gonzalo,Eldridge,1989-12-17
10707,1957-06-04,Moty,Trystram,1990-12-24
10708,1959-07-02,Aral,Erman,1996-05-18
10709,1961-01-06,Jiafu,Mateescu,1986-02-02
10710,1962-12-25,Sorina,Kermarrec,1992-01-10
10711,1963-06-20,Arvind,DuBourdieux,1991-06-21
10712,1952-04-12,Uma,Koprowski,1994-08-18
10713,1959-04-14,Jagoda,Naumovich,1986-04-26
10714,1960-09-28,Aran,Sadowsky,1997-03-11
10715,1959-11-21,Goa,Poehlman,1995-09-25
10716,1963-10-08,Aiman,Constantine,1985-08-20
10717,1956-01-27,Serap,Tasistro,1987-06-27
10718,1955-12-19,Adib,Rullman,1988-07-21
10719,1959-09-26,Guenter,Karunanithi,1995-09-05
10720,1956-06-17,Odinaldo,Kruskal,1985-08-01
10721,1964-07-12,Bernd,Redmiles,1995-03-17
10722,1960-10-03,Dung,Gornas,1989-01-17
10723,1964-01-14,Eckart,Harnett,1993-05-26
10724,1957-10-06,Aluzio,Narlikar,1991-11-04
10725,1958-10-22,Garnet,Isard,1990-09-08
10726,1954-01-11,Zita,Minakawa,1985-09-01
10727,1959-06-16,Saeed,Kitai,1991-01-08
10728,1958-11-17,Ugo,Maliniak,1989-12-09
10729,1961-05-24,Percy,Lorho,1986-04-20
10730,1962-07-22,Mohit,Janetzko,1988-11-24
10731,1952-11-17,Fumitaka,Peak,1987-02-20
10732,1962-04-22,Morris,Andreotta,1991-03-10
10733,1962-04-06,Sangeeta,Rodham,1996-02-20
10734,1954-07-06,Sachar,Erdi,1985-04-03
10735,1964-09-12,Morrie,Gewali,1985-10-29
10736,1962-07-09,Gurbir,Hellwagner,1991-09-26
10737,1960-10-10,Vincent,Schwartzbauer,1990-10-15
10738,1963-10-08,Rosita,Oppitz,1988-01-17
10739,1961-02-11,Gor,Iacovou,1985-03-12
10740,1956-04-19,Suzette,Sadowski,1995-08-15
10741,1954-01-02,Sven,Huttel,1989-01-06
10742,1955-03-13,Shim,Wiegley,1991-01-03
10743,1963-12-26,Kiyomitsu,Peltason,1985-06-10
10744,1957-02-17,Yaghout,Syang,1985-12-29
10745,1953-10-23,Poorav,Ranze,1987-05-26
10746,1958-12-29,Kolar,Usery,1990-08-31
10747,1955-02-02,Falguni,Khalid,1990-10-08
10748,1964-04-12,Yuchang,Francisci,1990-08-14
10749,1955-08-21,King,Brendel,1985-09-26
10750,1953-06-14,Roddy,Demeyer,1991-08-04
10751,1952-12-02,Jordanka,Ushiama,1987-04-15
10752,1964-07-18,Byong,Conde,1993-05-28
10753,1958-09-30,Pradeep,Harbusch,1985-05-17
10754,1956-09-08,Chenyi,Feinberg,1988-01-11
10755,1962-06-10,Odysseas,Ressouche,1988-06-16
10756,1958-06-24,Paddy,Brizzi,1995-11-21
10757,1961-01-11,Florina,Simkin,1986-01-06
10758,1962-11-26,Fumiyo,Boyle,1988-02-06
10759,1956-04-12,JiYoung,Chenney,1991-12-04
10760,1963-05-27,Phillip,Dratva,1994-06-15
10761,1959-04-10,Sumali,Liedekerke,1992-05-30
10762,1965-01-19,Lech,Himler,1992-01-21
10763,1962-04-15,Giap,Bolsens,1987-02-23
10764,1953-01-12,Yunming,Beetstra,1989-11-27
10765,1961-02-24,Goetz,Norsworthy,1994-05-07
10766,1964-06-10,Nathalie,Standera,1996-08-05
10767,1954-02-28,Monique,Doering,1987-06-17
10768,1955-06-24,Ishfaq,Candan,1985-07-04
10769,1962-11-02,Vishv,Bouloucos,1987-08-16
10770,1956-06-18,Bedir,Perry,1987-12-25
10771,1960-05-10,Guiseppe,Kleiser,1989-11-08
10772,1956-01-21,Munehiro,Dayana,1987-06-29
10773,1960-07-11,Avishai,Bahr,1985-12-01
10774,1958-10-03,Jacqueline,Masand,1990-01-26
10775,1956-03-12,Xiaoheng,Sluis,1988-12-09
10776,1958-01-27,Mahmut,Skafidas,1986-03-16
10777,1955-08-11,Mizuhito,Kemmerer,1988-07-05
10778,1953-03-13,Selwyn,Merey,1986-07-04
10779,1961-07-09,Mori,Yavatkar,1988-01-11
10780,1955-09-12,Goncalo,Staudhammer,1989-11-06
10781,1958-09-19,Patricio,Leuchs,1991-02-04
10782,1952-09-18,Kish,Perna,1991-10-21
10783,1963-11-13,Moty,Kenevan,1994-05-15
10784,1957-01-27,Weijing,Bottner,1987-05-12
10785,1963-02-09,Keiichiro,Marzano,1994-11-11
10786,1964-05-19,Patricia,dAstous,1989-03-14
10787,1958-07-10,Shiv,Neimat,1991-04-16
10788,1963-06-28,Frazer,Ullian,1993-12-13
10789,1964-05-19,Aruna,Journel,1987-02-02
10790,1962-04-01,Yurij,Schonegge,1990-07-03
10791,1954-05-27,Tadahiko,Sgarro,1988-07-30
10792,1962-09-04,Chinya,Birdsall,1985-08-10
10793,1960-08-27,Oksana,Roisin,1987-10-02
10794,1962-06-26,Teunis,Berztiss,1992-03-29
10795,1954-12-14,Supot,Naudin,1985-05-21
10796,1959-06-30,Khoa,Rousseau,1990-11-08
10797,1956-10-04,Goetz,Hiyoshi,1988-08-21
10798,1961-07-18,Elliott,Bednarek,1992-02-09
10799,1957-11-21,Gad,Griswold,1988-06-06
10800,1961-12-15,Yuchang,Matzke,1993-05-20
10801,1953-03-05,Uinam,Zschoche,1994-06-27
10802,1960-10-27,Masato,Setlzner,1985-08-24
10803,1952-09-15,Katsuyuki,Velasco,1988-04-20
10804,1964-02-20,Terresa,Benantar,1996-04-18
10805,1959-09-12,Kerhong,Bernick,1987-05-26
10806,1958-10-17,Giap,Matzel,1993-04-25
10807,1964-06-23,Munehiro,Zallocco,1986-10-23
10808,1955-09-11,Chenxi,Leijenhorst,1987-03-07
10809,1962-01-06,Shim,Feldhoffer,1987-03-04
10810,1957-10-23,Lijie,Lunn,1994-09-07
10811,1954-06-29,Ashish,Fortenbacher,1997-07-08
10812,1957-09-14,Berthier,Menhoudj,1987-08-11
10813,1954-07-04,Shalesh,Shumilov,1990-04-27
10814,1952-09-17,Nidapan,Dymetman,1993-07-17
10815,1960-11-12,Renny,Pramanik,1994-04-19
10816,1958-02-24,Morris,Caine,1989-06-27
10817,1958-10-02,Uri,Rullman,1990-12-26
10818,1958-12-20,Huan,Monarch,1995-10-22
10819,1957-02-19,Pascal,Sooriamurthi,1986-08-02
10820,1956-11-12,Baocai,Pena,1986-02-23
10821,1959-04-14,Irena,Schurmann,1987-03-12
10822,1956-08-02,Masaru,Passino,1986-01-11
10823,1956-06-13,Arfst,Mikschl,1995-01-02
10824,1958-09-20,Kirk,Kalsbeek,1985-03-18
10825,1958-03-27,Fan,Fairtlough,1985-12-30
10826,1952-12-06,Arnd,Anandan,1993-01-22
10827,1953-09-25,Willard,Danley,1996-11-07
10828,1962-10-12,Godehard,Gammage,1986-02-14
10829,1955-07-11,Alper,Narahara,1993-02-22
10830,1954-08-17,Fen,Fiebach,1991-08-24
10831,1953-10-11,Toong,Driscoll,1996-06-21
10832,1964-08-29,Hidde,Bergere,1986-10-11
10833,1953-04-12,Krisda,Gecseg,1989-02-08
10834,1954-12-16,Huiqun,Rajcani,1990-11-24
10835,1952-11-23,Tomoyuki,Kermarrec,1985-07-28
10836,1953-07-15,Jianhua,Leivant,1985-07-26
10837,1957-02-06,Chuanti,Karlin,1986-01-14
10838,1957-10-19,Deniz,Ramras,1990-04-11
10839,1964-04-02,Gurbir,Katiyar,1991-10-05
10840,1961-04-26,Mohammad,Koshino,1993-06-04
10841,1961-10-14,Pranav,Lieberherr,1990-04-21
10842,1961-08-29,Berni,Sanella,1986-07-14
10843,1961-09-05,Honesty,Smeets,1990-04-26
10844,1954-02-03,Dipayan,Koprowski,1987-03-03
10845,1960-12-24,Hidde,Tasistro,1988-06-30
10846,1952-06-27,Tokuyasu,Serre,1994-01-26
10847,1952-03-04,Theirry,Danley,1986-07-25
10848,1954-07-16,Fen,Bratsberg,1985-04-20
10849,1953-03-05,Makato,Mayerwieser,1995-06-25
10850,1963-01-01,Florina,Schapire,1990-04-22
10851,1959-11-15,Piyawadee,Copas,1994-11-21
10852,1959-11-24,Hercules,Munck,1996-03-21
10853,1964-03-22,Yoshinari,Kalloufi,1993-05-03
10854,1954-08-11,Jagoda,Nannarelli,1998-07-13
10855,1957-08-07,Kwangho,Reinhart,1991-08-05
10856,1964-03-13,Sreenivas,Peck,1986-12-31
10857,1957-06-11,Fusako,Stenning,1990-04-04
10858,1952-10-01,Kenroku,Gonthier,1996-08-15
10859,1961-10-16,King,Bernini,1993-01-03
10860,1961-11-05,Gino,Werthner,1992-03-11
10861,1962-02-27,Howell,Baek,1989-06-10
10862,1956-01-19,Zhenbing,Kadhim,1985-07-23
10863,1962-08-05,Byong,Bhattacharjee,1985-12-25
10864,1958-01-07,Elliott,Spieker,1985-09-04
10865,1961-03-16,Danco,Etalle,1991-04-19
10866,1959-12-13,Fayez,Yeung,1990-12-27
10867,1952-10-01,Billur,Gyorkos,1986-10-08
10868,1959-05-11,Houman,Unno,1990-03-20
10869,1962-10-09,Guangming,Jonsson,1996-03-15
10870,1956-07-23,Shahid,Leppanen,1988-01-13
10871,1952-10-24,Aram,Gilg,1989-02-15
10872,1952-02-21,Karoline,Speel,1990-09-06
10873,1952-07-09,Sukumar,Wegerle,1994-03-23
10874,1958-01-18,Mahmut,Borstler,1986-04-22
10875,1958-10-27,Filipp,Suri,1988-05-19
10876,1955-08-05,Vincent,Papastamatiou,1995-01-29
10877,1964-09-11,Subir,Biron,1986-06-06
10878,1952-06-13,Lakshmi,Deville,1988-02-25
10879,1953-08-18,Muzhong,Chleq,1985-08-15
10880,1962-02-11,Weiye,Nitsche,1986-04-20
10881,1959-06-13,Katsuo,Miake,1996-04-18
10882,1953-11-01,Fun,Heuser,1994-11-29
10883,1952-07-30,Shimshon,Champarnaud,1987-11-07
10884,1958-03-07,Teunis,Kleiser,1993-04-15
10885,1953-05-06,Rayond,Cronau,1991-08-19
10886,1964-09-30,Sushant,Begiun,1995-03-26
10887,1953-01-16,Lunjin,DeMori,1989-03-16
10888,1959-03-15,Kwangho,Dredge,1987-06-28
10889,1956-06-21,Cheong,Coors,1987-08-11
10890,1963-04-13,Ramzi,Furudate,1988-04-21
10891,1963-12-15,Susanne,Jiang,1990-12-07
10892,1959-12-13,Kazunori,Vieth,1990-04-11
10893,1960-01-30,Danil,Kropatsch,1989-08-23
10894,1958-08-21,Suebskul,Srimani,1991-07-18
10895,1952-03-21,Vishwani,Petersohn,1986-04-26
10896,1964-04-12,Adil,Taubenfeld,1994-10-08
10897,1958-05-27,Arno,Kumaresan,1986-04-09
10898,1961-11-10,Munenori,Markovitch,1986-04-10
10899,1962-05-11,Valery,Rousseau,1989-10-06
10900,1955-07-18,Ferdinand,Prenel,1995-09-07
10901,1959-06-12,Chrisa,Narahara,1992-10-30
10902,1964-05-09,Inderjeet,Perly,1990-04-22
10903,1958-06-04,Visit,Nyanchama,1989-02-14
10904,1959-08-28,Debatosh,Colorni,1993-04-16
10905,1961-04-30,Jianhui,Aloia,1985-02-28
10906,1952-02-06,Munehiro,Carrere,1994-01-20
10907,1963-09-26,JiYoung,Luks,1988-12-25
10908,1961-11-27,Rajmohan,Koblick,1985-10-08
10909,1954-11-11,Georgi,Atchley,1985-04-21
10910,1958-11-11,Arco,Jervis,1989-07-13
10911,1959-07-22,Shay,Casley,1988-06-25
10912,1952-07-27,Oscal,Fasbender,1986-04-23
10913,1952-09-03,Narain,Thummel,1992-06-25
10914,1956-04-26,Mizuhito,Prochazka,1998-03-24
10915,1961-03-11,Valery,Skafidas,1987-12-06
10916,1962-01-03,Make,Spataro,1996-07-01
10917,1956-05-10,Tesuya,Slaats,1987-12-03
10918,1954-12-26,Susumu,Reghbati,1985-12-13
10919,1961-09-04,Reinhard,Lindenbaum,1987-04-19
10920,1955-04-08,Ronghao,Narahara,1991-07-09
10921,1955-07-20,Mara,Bahi,1986-07-27
10922,1953-10-27,Kyoichi,Wossner,1992-08-09
10923,1957-04-29,Younwoo,Maquelin,1990-04-09
10924,1954-04-27,Hironoby,Atchley,1988-08-14
10925,1960-02-13,Heng,Waterhouse,1986-09-04
10926,1954-10-13,Leni,Eppinger,1990-04-30
10927,1953-03-13,Gal,Scallan,1985-10-26
10928,1961-11-01,Udaiprakash,Schmezko,1991-04-07
10929,1958-10-26,Sumali,Arlazarov,1991-04-15
10930,1954-01-13,Arch,Minakawa,1990-08-09
10931,1963-06-30,Abdulla,Beutelspacher,1992-06-14
10932,1955-11-19,Avishai,Picci,1994-09-09
10933,1965-01-24,Juyoung,Seghrouchni,1993-08-02
10934,1960-05-21,Bartek,Strooper,1993-11-11
10935,1961-08-09,Morris,Famili,1990-03-09
10936,1953-04-08,Mountaz,Schicker,1987-10-27
10937,1964-09-11,Anyuan,Nanard,1987-08-29
10938,1958-05-11,Shaowei,Iisaku,1985-09-24
10939,1964-07-13,Matk,Akazan,1990-11-01
10940,1953-01-07,Aleksander,Fioravanti,1994-12-02
10941,1960-08-26,Katsuyuki,Norsworthy,1993-08-22
10942,1952-08-08,Toshimitsu,Larfeldt,1989-09-08
10943,1955-11-19,Berna,Skafidas,1988-02-19
10944,1952-05-25,Remko,Zyda,1991-05-24
10945,1959-09-25,Kazuhiro,Kushnir,1990-07-04
10946,1956-09-08,Shaz,Kabayashi,1996-02-04
10947,1954-09-29,Gor,Usery,1995-11-16
10948,1952-12-23,Shigehito,Brodie,1996-09-30
10949,1953-08-14,Shigeichiro,Wroclawski,1990-03-13
10950,1958-12-07,Sushant,Staylopatis,1996-06-08
10951,1962-01-20,Marco,Iisaku,1989-07-06
10952,1958-08-26,Inderjeet,Bharadwaj,1986-07-22
10953,1956-06-23,Jahangir,Laventhal,1987-02-12
10954,1964-11-16,Ranga,Burnard,1990-08-07
10955,1959-02-24,Urs,Danley,1986-09-27
10956,1955-02-02,Arno,Picel,1992-06-29
10957,1961-06-06,Duke,Schnabel,1988-01-23
10958,1958-11-07,Huican,Katalagarianos,1988-11-27
10959,1956-06-19,Kerryn,Vigier,1994-03-01
10960,1959-10-24,Billur,Braunschweig,1988-03-14
10961,1957-03-28,Weiwu,Choobineh,1986-05-14
10962,1956-08-23,Naraig,Kugler,1986-12-16
10963,1957-04-15,Hatsukazu,Swist,1988-01-14
10964,1962-04-02,Takushi,Bolsens,1990-10-11
10965,1955-07-10,Eckart,Braunschweig,1986-07-29
10966,1962-07-04,Danel,Pardalos,1989-11-07
10967,1962-10-01,Eran,Adachi,1993-08-01
10968,1961-03-19,Lakshmi,Kolinko,1985-08-11
10969,1954-09-05,Premal,Noriega,1988-08-22
10970,1962-08-24,Gen,Tiemann,1994-09-16
10971,1955-02-08,Isamu,Vadhan,1991-07-30
10972,1961-10-05,Fumiko,Asser,1987-06-06
10973,1961-10-02,Valdiodio,Raczkowsky,1989-03-05
10974,1952-03-07,Muneo,Papsdorf,1985-11-25
10975,1962-07-27,Peternela,Birnbaum,1986-10-31
10976,1963-01-27,Hitomi,Valette,1992-12-06
10977,1957-03-19,Toong,Murrill,1987-08-10
10978,1962-09-24,Huiqun,Bellone,1985-05-18
10979,1959-09-11,Elrique,Raney,1986-01-27
10980,1963-11-10,Filipp,Munawer,1989-01-04
10981,1956-07-22,Sugwoo,Dulin,1989-01-03
10982,1964-02-27,Yishay,Decleir,1989-11-11
10983,1961-08-09,Somnath,Parascandalo,1988-02-22
10984,1962-11-10,Pranjal,Billawala,1988-07-09
10985,1952-05-31,Chiradeep,Furedi,1990-12-10
10986,1954-08-11,Masako,Schiper,1985-10-11
10987,1952-11-26,Flemming,Baezner,1995-12-19
10988,1955-06-24,Chinya,Deyuan,1985-06-19
10989,1954-09-08,Sumali,Candan,1985-07-20
10990,1954-10-22,Shin,Foote,1988-07-06
10991,1957-05-22,Munehiro,Aingworth,1993-05-21
10992,1958-11-26,Zhensheng,Juneja,1988-08-01
10993,1958-11-17,Arve,Erde,1992-05-29
10994,1961-06-17,Divine,Aingworth,1987-06-29
10995,1963-02-26,Chenye,Hertweck,1997-07-19
10996,1955-02-01,Matk,Rahimi,1990-02-07
10997,1959-08-30,Alselm,Parascandalo,1994-05-06
10998,1956-02-17,Marlo,Kandlur,1992-06-28
10999,1961-12-04,Insup,Benveniste,1996-03-05
11000,1960-09-12,Alain,Bonifati,1988-08-20